{"Index": "N225", "Date": "2006-09-11", "Open": 16053.12988, "High": 16053.12988, "Low": 15772.07031, "Close": 15794.37988, "Adj Close": 15794.37988, "Volume": 97800000.0, "CloseUSD": 157.9437988}