{"Index": "N225", "Date": "1979-07-24", "Open": 6210.910156, "High": 6210.910156, "Low": 6210.910156, "Close": 6210.910156, "Adj Close": 6210.910156, "Volume": 0.0, "CloseUSD": 62.10910156}