{"Index": "HSI", "Date": "2014-03-03", "Open": 22630.76953, "High": 22749.13086, "Low": 22487.23047, "Close": 22500.66992, "Adj Close": 22500.66992, "Volume": 1634145200.0, "CloseUSD": 2925.0870896}