{"Index": "SSMI", "Date": "2017-05-05", "Open": 8941.820313, "High": 9016.959961, "Low": 8936.05957, "Close": 9016.660156, "Adj Close": 9016.660156, "Volume": 62053400.0, "CloseUSD": 10008.49277316}