{"Index": "399001.SZ", "Date": "2016-05-20", "Open": 9657.75, "High": 9816.75, "Low": 9628.980469, "Close": 9816.75, "Adj Close": 9816.639648, "Volume": 695300.0, "CloseUSD": 1570.68}