{"Index": "000001.SS", "Date": "2010-07-12", "Open": 2468.541016, "High": 2501.023926, "Low": 2455.813965, "Close": 2490.718018, "Adj Close": 2490.718018, "Volume": 83000.0, "CloseUSD": 398.51488288}