{"Index": "HSI", "Date": "2007-03-13", "Open": 19397.03906, "High": 19442.51953, "Low": 19251.19922, "Close": 19333.14063, "Adj Close": 19333.14063, "Volume": 1336198500.0, "CloseUSD": 2513.3082819}