{"Index": "IXIC", "Date": "1973-11-09", "Open": 105.769997, "High": 105.769997, "Low": 105.769997, "Close": 105.769997, "Adj Close": 105.769997, "Volume": 0.0, "CloseUSD": 105.769997}