{"Index": "GSPTSE", "Date": "1997-02-24", "Open": 6211.299805, "High": 6242.799805, "Low": 6211.299805, "Close": 6242.5, "Adj Close": 6242.5, "Volume": 96570000.0, "CloseUSD": 5181.275}