{"Index": "IXIC", "Date": "2007-10-29", "Open": 2815.159912, "High": 2825.370117, "Low": 2805.25, "Close": 2817.439941, "Adj Close": 2817.439941, "Volume": 2014730000.0, "CloseUSD": 2817.439941}