{"Index": "HSI", "Date": "2001-04-18", "Open": 12761.41016, "High": 12988.15039, "Low": 12761.41016, "Close": 12972.79981, "Adj Close": 12972.79981, "Volume": 0.0, "CloseUSD": 1686.4639753}