{"Index": "GSPTSE", "Date": "2019-02-05", "Open": 15631.79981, "High": 15702.7002, "Low": 15627.79981, "Close": 15702.7002, "Adj Close": 15702.7002, "Volume": 21773250000.0, "CloseUSD": 13033.241165999998}