{"Index": "GDAXI", "Date": "2010-09-03", "Open": 6091.660156, "High": 6178.009766, "Low": 6088.259766, "Close": 6134.620117, "Adj Close": 6134.620117, "Volume": 94990500.0, "CloseUSD": 7484.23654274}