{"Index": "N100", "Date": "2005-07-04", "Open": 730.469971, "High": 733.049988, "Low": 730.219971, "Close": 732.400024, "Adj Close": 732.400024, "Volume": 0.0, "CloseUSD": 893.52802928}