{"Index": "NSEI", "Date": "2012-05-09", "Open": 4967.899902, "High": 5016.25, "Low": 4956.450195, "Close": 4974.799805, "Adj Close": 4974.799805, "Volume": 0.0, "CloseUSD": 49.74799805}