{"Index": "GSPTSE", "Date": "2005-02-09", "Open": 9366.5, "High": 9402.599609, "Low": 9362.799805, "Close": 9402.599609, "Adj Close": 9402.599609, "Volume": 13049490000.0, "CloseUSD": 7804.15767547}