{"Index": "GDAXI", "Date": "1998-06-22", "Open": 5652.560059, "High": 5688.240234, "Low": 5609.529785, "Close": 5648.109863, "Adj Close": 5648.109863, "Volume": 0.0, "CloseUSD": 6890.694032859999}