{"Index": "399001.SZ", "Date": "2017-03-24", "Open": 10584.08984, "High": 10666.12012, "Low": 10580.11035, "Close": 10646.71973, "Adj Close": 10646.60059, "Volume": 834300.0, "CloseUSD": 1703.4751568}