{"Index": "GDAXI", "Date": "2009-02-12", "Open": 4518.680176, "High": 4518.680176, "Low": 4371.470215, "Close": 4407.560059, "Adj Close": 4407.560059, "Volume": 130701000.0, "CloseUSD": 5377.22327198}