{"Index": "N225", "Date": "1996-09-19", "Open": 21100.88086, "High": 21332.59961, "Low": 21023.41016, "Close": 21322.84961, "Adj Close": 21322.84961, "Volume": 0.0, "CloseUSD": 213.22849610000003}