{"Index": "NYA", "Date": "2001-03-22", "Open": 5988.430176, "High": 5988.430176, "Low": 5988.430176, "Close": 5988.430176, "Adj Close": 5988.430176, "Volume": 1723950000.0, "CloseUSD": 5988.430176}