{"Index": "SSMI", "Date": "2017-06-30", "Open": 8930.299805, "High": 8998.480469, "Low": 8902.570313, "Close": 8906.889648, "Adj Close": 8906.889648, "Volume": 56700200.0, "CloseUSD": 9886.64750928}