{"Index": "NYA", "Date": "1995-08-14", "Open": 3169.47998, "High": 3169.47998, "Low": 3169.47998, "Close": 3169.47998, "Adj Close": 3169.47998, "Volume": 0.0, "CloseUSD": 3169.47998}