{"Index": "000001.SS", "Date": "2019-03-27", "Open": 3012.25708, "High": 3022.761963, "Low": 2987.771973, "Close": 3022.719971, "Adj Close": 3022.719971, "Volume": 291400.0, "CloseUSD": 483.63519536}