{"Index": "IXIC", "Date": "1989-05-03", "Open": 428.700012, "High": 429.0, "Low": 428.100006, "Close": 428.799988, "Adj Close": 428.799988, "Volume": 142490000.0, "CloseUSD": 428.799988}