{"Index": "N225", "Date": "2007-04-17", "Open": 17750.66992, "High": 17782.08008, "Low": 17452.11914, "Close": 17527.44922, "Adj Close": 17527.44922, "Volume": 125200000.0, "CloseUSD": 175.2744922}