{"Index": "NSEI", "Date": "2018-09-03", "Open": 11751.79981, "High": 11751.79981, "Low": 11567.40039, "Close": 11582.34961, "Adj Close": 11582.34961, "Volume": 234400.0, "CloseUSD": 115.8234961}