{"Index": "J203.JO", "Date": "2017-09-21", "Open": 55867.46094, "High": 56072.19922, "Low": 55703.42188, "Close": 55867.33984, "Adj Close": 55867.33984, "Volume": 0.0, "CloseUSD": 3910.7137888}