{"Index": "000001.SS", "Date": "2017-06-07", "Open": 3101.760986, "High": 3140.773926, "Low": 3098.950928, "Close": 3140.324951, "Adj Close": 3140.324951, "Volume": 173200.0, "CloseUSD": 502.45199216}