{"Index": "NYA", "Date": "2020-01-27", "Open": 13746.62988, "High": 13826.42969, "Low": 13742.00977, "Close": 13769.59961, "Adj Close": 13769.59961, "Volume": 3823100000.0, "CloseUSD": 13769.59961}