{"Index": "SSMI", "Date": "2000-02-24", "Open": 7135.600098, "High": 7136.0, "Low": 7040.299805, "Close": 7043.799805, "Adj Close": 7043.799805, "Volume": 0.0, "CloseUSD": 7818.61778355}