{"Index": "IXIC", "Date": "1976-06-28", "Open": 89.870003, "High": 89.870003, "Low": 89.870003, "Close": 89.870003, "Adj Close": 89.870003, "Volume": 0.0, "CloseUSD": 89.870003}