{"Index": "IXIC", "Date": "1978-07-19", "Open": 122.800003, "High": 122.800003, "Low": 122.800003, "Close": 122.800003, "Adj Close": 122.800003, "Volume": 0.0, "CloseUSD": 122.800003}