{"Index": "NYA", "Date": "2015-05-26", "Open": 11197.59961, "High": 11197.59961, "Low": 11042.87988, "Close": 11065.32031, "Adj Close": 11065.32031, "Volume": 3342130000.0, "CloseUSD": 11065.32031}