{"Index": "N225", "Date": "2014-09-04", "Open": 15701.61035, "High": 15732.75977, "Low": 15663.58984, "Close": 15676.17969, "Adj Close": 15676.17969, "Volume": 110900000.0, "CloseUSD": 156.7617969}