{"Index": "SSMI", "Date": "2005-06-27", "Open": 6187.399902, "High": 6209.200195, "Low": 6183.200195, "Close": 6191.100098, "Adj Close": 6191.100098, "Volume": 45383600.0, "CloseUSD": 6872.12110878}