{"Index": "NYA", "Date": "1987-09-25", "Open": 1894.180054, "High": 1894.180054, "Low": 1894.180054, "Close": 1894.180054, "Adj Close": 1894.180054, "Volume": 0.0, "CloseUSD": 1894.180054}