{"Index": "N225", "Date": "2017-02-09", "Open": 18942.03906, "High": 18991.23047, "Low": 18874.91016, "Close": 18907.66992, "Adj Close": 18907.66992, "Volume": 130500000.0, "CloseUSD": 189.0766992}