{"Index": "HSI", "Date": "2001-10-24", "Open": 10231.38965, "High": 10280.08984, "Low": 10158.73047, "Close": 10243.45996, "Adj Close": 10243.45996, "Volume": 287418600.0, "CloseUSD": 1331.6497948}