{"Index": "IXIC", "Date": "1991-02-21", "Open": 447.200012, "High": 447.700012, "Low": 446.200012, "Close": 446.399994, "Adj Close": 446.399994, "Volume": 142810000.0, "CloseUSD": 446.399994}