{"Index": "399001.SZ", "Date": "2013-07-19", "Open": 7914.27002, "High": 7937.629883, "Low": 7663.990234, "Close": 7663.990234, "Adj Close": 7663.904297, "Volume": 142700.0, "CloseUSD": 1226.23843744}