{"Index": "NYA", "Date": "1977-12-16", "Open": 545.710022, "High": 545.710022, "Low": 545.710022, "Close": 545.710022, "Adj Close": 545.710022, "Volume": 0.0, "CloseUSD": 545.710022}