{"Index": "NYA", "Date": "1985-11-14", "Open": 1214.079956, "High": 1214.079956, "Low": 1214.079956, "Close": 1214.079956, "Adj Close": 1214.079956, "Volume": 0.0, "CloseUSD": 1214.079956}