{"Index": "HSI", "Date": "2007-01-17", "Open": 19917.49023, "High": 20122.42969, "Low": 19841.16016, "Close": 20064.57031, "Adj Close": 20064.57031, "Volume": 1117662100.0, "CloseUSD": 2608.3941403}