{"Index": "IXIC", "Date": "1987-03-27", "Open": 439.399994, "High": 439.700012, "Low": 436.600006, "Close": 436.600006, "Adj Close": 436.600006, "Volume": 152400000.0, "CloseUSD": 436.600006}