{"Index": "NYA", "Date": "2014-10-24", "Open": 10529.28027, "High": 10586.61035, "Low": 10496.80957, "Close": 10582.62012, "Adj Close": 10582.62012, "Volume": 3078380000.0, "CloseUSD": 10582.62012}