{"Index": "IXIC", "Date": "1982-09-23", "Open": 188.149994, "High": 188.149994, "Low": 188.149994, "Close": 188.149994, "Adj Close": 188.149994, "Volume": 0.0, "CloseUSD": 188.149994}