{"Index": "GSPTSE", "Date": "1994-08-24", "Open": 4218.899902, "High": 4263.899902, "Low": 4218.899902, "Close": 4263.700195, "Adj Close": 4263.700195, "Volume": 73950000.0, "CloseUSD": 3538.87116185}