{"Index": "N225", "Date": "2015-01-22", "Open": 17306.64063, "High": 17355.74023, "Low": 17229.21094, "Close": 17329.01953, "Adj Close": 17329.01953, "Volume": 121900000.0, "CloseUSD": 173.29019530000002}