{"Index": "SSMI", "Date": "2017-07-28", "Open": 8990.839844, "High": 9042.349609, "Low": 8955.280273, "Close": 9019.30957, "Adj Close": 9019.30957, "Volume": 77729000.0, "CloseUSD": 10011.4336227}