{"Index": "HSI", "Date": "2005-03-01", "Open": 14031.21973, "High": 14085.84961, "Low": 13954.58008, "Close": 14061.15039, "Adj Close": 14061.15039, "Volume": 274503200.0, "CloseUSD": 1827.9495507}