{"Index": "TWII", "Date": "2011-05-05", "Open": 8930.240234, "High": 9029.580078, "Low": 8907.969727, "Close": 9018.610352, "Adj Close": 9018.577148, "Volume": 2702600.0, "CloseUSD": 360.74441408}