{"Index": "GDAXI", "Date": "1991-04-09", "Open": 1588.449951, "High": 1588.449951, "Low": 1588.449951, "Close": 1588.449951, "Adj Close": 1588.449951, "Volume": 0.0, "CloseUSD": 1937.90894022}