{"Index": "000001.SS", "Date": "2006-06-23", "Open": 1594.494995, "High": 1608.108032, "Low": 1582.019043, "Close": 1605.71106, "Adj Close": 1605.71106, "Volume": 35000.0, "CloseUSD": 256.9137696}