{"Index": "GSPTSE", "Date": "1984-02-15", "Open": 2392.600098, "High": 2399.100098, "Low": 2391.199951, "Close": 2391.199951, "Adj Close": 2385.127686, "Volume": 0.0, "CloseUSD": 1984.69595933}