{"Index": "NYA", "Date": "1984-10-02", "Open": 997.950012, "High": 997.950012, "Low": 997.950012, "Close": 997.950012, "Adj Close": 997.950012, "Volume": 0.0, "CloseUSD": 997.950012}