{"Index": "GSPTSE", "Date": "2002-09-16", "Open": 6476.899902, "High": 6502.5, "Low": 6452.700195, "Close": 6500.600098, "Adj Close": 6500.600098, "Volume": 7948500000.0, "CloseUSD": 5395.49808134}