{"Index": "000001.SS", "Date": "2004-03-16", "Open": 1741.623047, "High": 1747.980957, "Low": 1730.734985, "Close": 1745.542969, "Adj Close": 1745.542969, "Volume": 22200.0, "CloseUSD": 279.28687504000004}