{"Index": "GDAXI", "Date": "1999-10-29", "Open": 5503.189941, "High": 5557.910156, "Low": 5492.839844, "Close": 5525.399902, "Adj Close": 5525.399902, "Volume": 0.0, "CloseUSD": 6740.98788044}