{"Index": "SSMI", "Date": "1999-09-07", "Open": 7190.100098, "High": 7244.200195, "Low": 7176.799805, "Close": 7187.700195, "Adj Close": 7187.700195, "Volume": 0.0, "CloseUSD": 7978.347216450001}