{"Index": "GDAXI", "Date": "1999-07-02", "Open": 5489.879883, "High": 5521.700195, "Low": 5456.189941, "Close": 5519.049805, "Adj Close": 5519.049805, "Volume": 0.0, "CloseUSD": 6733.240762099999}