{"Index": "GSPTSE", "Date": "2017-01-11", "Open": 15457.59961, "High": 15494.09961, "Low": 15404.29981, "Close": 15491.5, "Adj Close": 15491.5, "Volume": 24777050000.0, "CloseUSD": 12857.945}