{"Index": "HSI", "Date": "1988-11-30", "Open": 2659.300049, "High": 2659.300049, "Low": 2659.300049, "Close": 2659.300049, "Adj Close": 2659.300049, "Volume": 0.0, "CloseUSD": 345.70900637}