{"Index": "SSMI", "Date": "2020-10-29", "Open": 9660.419922, "High": 9670.650391, "Low": 9496.219727, "Close": 9556.139648, "Adj Close": 9556.139648, "Volume": 82863100.0, "CloseUSD": 10607.31500928}