{"Index": "GDAXI", "Date": "2004-01-21", "Open": 4109.640137, "High": 4138.040039, "Low": 4099.470215, "Close": 4138.040039, "Adj Close": 4138.040039, "Volume": 120652900.0, "CloseUSD": 5048.408847580001}