{"Index": "IXIC", "Date": "2005-02-11", "Open": 2048.959961, "High": 2081.47998, "Low": 2039.719971, "Close": 2076.659912, "Adj Close": 2076.659912, "Volume": 2163630000.0, "CloseUSD": 2076.659912}