{"Index": "N100", "Date": "2001-11-06", "Open": 771.22998, "High": 777.919983, "Low": 762.539978, "Close": 766.340027, "Adj Close": 766.340027, "Volume": 0.0, "CloseUSD": 934.93483294}