{"Index": "SSMI", "Date": "2014-09-01", "Open": 8706.040039, "High": 8755.209961, "Low": 8699.389648, "Close": 8746.969727, "Adj Close": 8746.969727, "Volume": 36393100.0, "CloseUSD": 9709.13639697}