{"Index": "HSI", "Date": "1994-07-21", "Open": 9149.0, "High": 9149.0, "Low": 9028.599609, "Close": 9117.700195, "Adj Close": 9117.700195, "Volume": 0.0, "CloseUSD": 1185.30102535}