{"Index": "GSPTSE", "Date": "2017-02-15", "Open": 15790.09961, "High": 15850.0, "Low": 15784.40039, "Close": 15845.0, "Adj Close": 15845.0, "Volume": 21850390000.0, "CloseUSD": 13151.35}