{"Index": "GDAXI", "Date": "2006-02-21", "Open": 5798.890137, "High": 5850.470215, "Low": 5780.990234, "Close": 5801.040039, "Adj Close": 5801.040039, "Volume": 122210200.0, "CloseUSD": 7077.2688475800005}