{"Index": "GDAXI", "Date": "2018-10-11", "Open": 11558.98047, "High": 11700.5, "Low": 11518.55957, "Close": 11539.34961, "Adj Close": 11539.34961, "Volume": 142293600.0, "CloseUSD": 14078.006524199998}