{"Index": "NYA", "Date": "1998-03-23", "Open": 6032.740234, "High": 6032.740234, "Low": 6032.740234, "Close": 6032.740234, "Adj Close": 6032.740234, "Volume": 0.0, "CloseUSD": 6032.740234}