{"Index": "GSPTSE", "Date": "2001-07-31", "Open": 7641.0, "High": 7712.200195, "Low": 7641.0, "Close": 7689.700195, "Adj Close": 7689.700195, "Volume": 8348160000.0, "CloseUSD": 6382.45116185}