{"Index": "399001.SZ", "Date": "2002-08-23", "Open": 3484.76001, "High": 3489.570068, "Low": 3470.379883, "Close": 3476.669922, "Adj Close": 3476.630859, "Volume": 0.0, "CloseUSD": 556.26718752}