{"Index": "GSPTSE", "Date": "2020-12-18", "Open": 17675.30078, "High": 17676.59961, "Low": 17517.19922, "Close": 17534.59961, "Adj Close": 17534.59961, "Volume": 48455840000.0, "CloseUSD": 14553.7176763}