{"Index": "NYA", "Date": "2000-08-17", "Open": 7096.97998, "High": 7096.97998, "Low": 7096.97998, "Close": 7096.97998, "Adj Close": 7096.97998, "Volume": 0.0, "CloseUSD": 7096.97998}