{"Index": "GSPTSE", "Date": "1992-08-31", "Open": 3403.399902, "High": 3404.300049, "Low": 3395.899902, "Close": 3402.899902, "Adj Close": 3402.899902, "Volume": 25100000.0, "CloseUSD": 2824.40691866}