{"Index": "GSPTSE", "Date": "1988-09-19", "Open": 3249.699951, "High": 3255.399902, "Low": 3239.600098, "Close": 3255.399902, "Adj Close": 3247.132813, "Volume": 14930000.0, "CloseUSD": 2701.98191866}