{"Index": "SSMI", "Date": "2006-10-09", "Open": 8501.200195, "High": 8548.900391, "Low": 8490.0, "Close": 8548.900391, "Adj Close": 8548.900391, "Volume": 41607800.0, "CloseUSD": 9489.27943401}