{"Index": "HSI", "Date": "2017-06-06", "Open": 25819.5293, "High": 26019.00977, "Low": 25805.01953, "Close": 25997.14063, "Adj Close": 25997.14063, "Volume": 1540428000.0, "CloseUSD": 3379.6282819000003}