{"Index": "N225", "Date": "1975-06-18", "Open": 4498.189941, "High": 4498.189941, "Low": 4498.189941, "Close": 4498.189941, "Adj Close": 4498.189941, "Volume": 0.0, "CloseUSD": 44.98189941}