{"Index": "GDAXI", "Date": "1991-08-15", "Open": 1654.109985, "High": 1654.109985, "Low": 1654.109985, "Close": 1654.109985, "Adj Close": 1654.109985, "Volume": 0.0, "CloseUSD": 2018.0141817}