{"Index": "GSPTSE", "Date": "2001-10-15", "Open": 6951.299805, "High": 6978.100098, "Low": 6934.600098, "Close": 6955.600098, "Adj Close": 6955.600098, "Volume": 7764660000.0, "CloseUSD": 5773.148081339999}