{"Index": "GDAXI", "Date": "2011-09-13", "Open": 5153.950195, "High": 5222.810059, "Low": 4969.839844, "Close": 5166.359863, "Adj Close": 5166.359863, "Volume": 284106000.0, "CloseUSD": 6302.95903286}