{"Index": "N100", "Date": "2013-08-30", "Open": 749.5, "High": 750.539978, "Low": 741.409973, "Close": 741.409973, "Adj Close": 741.409973, "Volume": 319565600.0, "CloseUSD": 904.52016706}