{"Index": "399001.SZ", "Date": "2002-12-16", "Open": 2833.300049, "High": 2859.780029, "Low": 2822.830078, "Close": 2859.530029, "Adj Close": 2859.498047, "Volume": 0.0, "CloseUSD": 457.52480464}