{"Index": "IXIC", "Date": "1990-04-26", "Open": 421.700012, "High": 422.0, "Low": 419.399994, "Close": 421.100006, "Adj Close": 421.100006, "Volume": 115930000.0, "CloseUSD": 421.100006}