{"Index": "NYA", "Date": "2000-11-29", "Open": 6739.910156, "High": 6739.910156, "Low": 6739.910156, "Close": 6739.910156, "Adj Close": 6739.910156, "Volume": 0.0, "CloseUSD": 6739.910156}