{"Index": "NYA", "Date": "1977-11-28", "Open": 560.619995, "High": 560.619995, "Low": 560.619995, "Close": 560.619995, "Adj Close": 560.619995, "Volume": 0.0, "CloseUSD": 560.619995}