{"Index": "GSPTSE", "Date": "2008-01-02", "Open": 13907.7002, "High": 13945.40039, "Low": 13833.09961, "Close": 13926.79981, "Adj Close": 13926.79981, "Volume": 14868370000.0, "CloseUSD": 11559.2438423}