{"Index": "NSEI", "Date": "2014-03-14", "Open": 6447.25, "High": 6518.450195, "Low": 6432.700195, "Close": 6504.200195, "Adj Close": 6504.200195, "Volume": 177300.0, "CloseUSD": 65.04200195}