{"Index": "IXIC", "Date": "1973-06-18", "Open": 100.769997, "High": 100.769997, "Low": 100.769997, "Close": 100.769997, "Adj Close": 100.769997, "Volume": 0.0, "CloseUSD": 100.769997}