{"Index": "HSI", "Date": "1989-12-06", "Open": 2763.0, "High": 2766.0, "Low": 2754.0, "Close": 2756.399902, "Adj Close": 2756.399902, "Volume": 0.0, "CloseUSD": 358.33198726}