{"Index": "399001.SZ", "Date": "2012-11-26", "Open": 8096.709961, "High": 8114.910156, "Low": 8003.339844, "Close": 8016.069824, "Adj Close": 8015.97998, "Volume": 29900.0, "CloseUSD": 1282.57117184}