{"Index": "TWII", "Date": "2005-03-21", "Open": 6056.100098, "High": 6077.939941, "Low": 6051.529785, "Close": 6058.959961, "Adj Close": 6058.9375, "Volume": 2634600.0, "CloseUSD": 242.35839844}