{"Index": "IXIC", "Date": "1997-06-16", "Open": 1423.73999, "High": 1432.0, "Low": 1421.73999, "Close": 1431.949951, "Adj Close": 1431.949951, "Volume": 500070000.0, "CloseUSD": 1431.949951}