{"Index": "IXIC", "Date": "1998-10-09", "Open": 1447.339966, "High": 1493.540039, "Low": 1419.109985, "Close": 1492.48999, "Adj Close": 1492.48999, "Volume": 892830000.0, "CloseUSD": 1492.48999}