{"Index": "NYA", "Date": "2011-03-02", "Open": 8315.820313, "High": 8367.280273, "Low": 8302.19043, "Close": 8338.759766, "Adj Close": 8338.759766, "Volume": 1025000000.0, "CloseUSD": 8338.759766}