{"Index": "GDAXI", "Date": "1997-10-23", "Open": 4102.240234, "High": 4103.899902, "Low": 3927.179932, "Close": 3976.379883, "Adj Close": 3976.379883, "Volume": 0.0, "CloseUSD": 4851.18345726}