{"Index": "HSI", "Date": "2012-07-20", "Open": 19613.7793, "High": 19656.10938, "Low": 19511.90039, "Close": 19640.80078, "Adj Close": 19640.80078, "Volume": 1298960700.0, "CloseUSD": 2553.3041014000005}