{"Index": "000001.SS", "Date": "2003-08-06", "Open": 1493.026001, "High": 1493.389038, "Low": 1482.685059, "Close": 1486.251953, "Adj Close": 1486.251953, "Volume": 5600.0, "CloseUSD": 237.80031248}