{"Index": "TWII", "Date": "2012-06-07", "Open": 7133.779785, "High": 7139.160156, "Low": 7052.359863, "Close": 7080.310059, "Adj Close": 7080.283691, "Volume": 1657800.0, "CloseUSD": 283.21240236}