{"Index": "000001.SS", "Date": "2005-02-16", "Open": 1276.015015, "High": 1291.464966, "Low": 1270.317993, "Close": 1278.880005, "Adj Close": 1278.880005, "Volume": 14400.0, "CloseUSD": 204.6208008}