{"Index": "NSEI", "Date": "2014-01-13", "Open": 6189.549805, "High": 6288.200195, "Low": 6189.549805, "Close": 6272.75, "Adj Close": 6272.75, "Volume": 135000.0, "CloseUSD": 62.7275}