{"Index": "NYA", "Date": "1978-09-01", "Open": 618.98999, "High": 618.98999, "Low": 618.98999, "Close": 618.98999, "Adj Close": 618.98999, "Volume": 0.0, "CloseUSD": 618.98999}