{"Index": "GSPTSE", "Date": "2019-05-09", "Open": 16342.09961, "High": 16379.0, "Low": 16258.90039, "Close": 16321.79981, "Adj Close": 16321.79981, "Volume": 22436830000.0, "CloseUSD": 13547.0938423}