{"Index": "SSMI", "Date": "2006-11-03", "Open": 8669.599609, "High": 8724.099609, "Low": 8634.5, "Close": 8698.5, "Adj Close": 8698.5, "Volume": 51426800.0, "CloseUSD": 9655.335}