{"Index": "TWII", "Date": "2014-04-02", "Open": 8906.519531, "High": 8922.790039, "Low": 8883.139648, "Close": 8905.450195, "Adj Close": 8905.416992, "Volume": 2439600.0, "CloseUSD": 356.2180078}