{"Index": "NYA", "Date": "2014-11-03", "Open": 10834.40039, "High": 10851.58008, "Low": 10790.20996, "Close": 10808.66992, "Adj Close": 10808.66992, "Volume": 3555440000.0, "CloseUSD": 10808.66992}