{"Index": "HSI", "Date": "2006-05-22", "Open": 16295.37012, "High": 16304.9502, "Low": 15790.44043, "Close": 15805.51953, "Adj Close": 15805.51953, "Volume": 472615200.0, "CloseUSD": 2054.7175389}