{"Index": "000001.SS", "Date": "2017-09-25", "Open": 3344.589111, "High": 3350.960938, "Low": 3334.944092, "Close": 3341.549072, "Adj Close": 3341.549072, "Volume": 169600.0, "CloseUSD": 534.64785152}