{"Index": "399001.SZ", "Date": "2005-03-18", "Open": 3290.300049, "High": 3309.100098, "Low": 3250.929932, "Close": 3255.280029, "Adj Close": 3255.243652, "Volume": 17100.0, "CloseUSD": 520.84480464}