{"Index": "TWII", "Date": "2005-01-17", "Open": 5955.620117, "High": 5969.029785, "Low": 5940.060059, "Close": 5945.27002, "Adj Close": 5945.248047, "Volume": 3187800.0, "CloseUSD": 237.8108008}