{"Index": "N225", "Date": "1974-11-19", "Open": 3707.22998, "High": 3707.22998, "Low": 3707.22998, "Close": 3707.22998, "Adj Close": 3707.22998, "Volume": 0.0, "CloseUSD": 37.0722998}