{"Index": "GSPTSE", "Date": "2009-04-03", "Open": 9107.099609, "High": 9140.099609, "Low": 8987.700195, "Close": 9065.799805, "Adj Close": 9065.799805, "Volume": 24888630000.0, "CloseUSD": 7524.61383815}