{"Index": "N100", "Date": "2008-03-04", "Open": 844.599976, "High": 850.809998, "Low": 828.539978, "Close": 832.159973, "Adj Close": 832.159973, "Volume": 349431000.0, "CloseUSD": 1015.23516706}