{"Index": "N225", "Date": "1969-12-12", "Open": 2253.590088, "High": 2253.590088, "Low": 2253.590088, "Close": 2253.590088, "Adj Close": 2253.590088, "Volume": 0.0, "CloseUSD": 22.53590088}