{"Index": "NYA", "Date": "1995-09-05", "Open": 3229.959961, "High": 3229.959961, "Low": 3229.959961, "Close": 3229.959961, "Adj Close": 3229.959961, "Volume": 0.0, "CloseUSD": 3229.959961}