{"Index": "N225", "Date": "1981-06-30", "Open": 7867.419922, "High": 7867.419922, "Low": 7867.419922, "Close": 7867.419922, "Adj Close": 7867.419922, "Volume": 0.0, "CloseUSD": 78.67419922}