{"Index": "HSI", "Date": "2000-03-30", "Open": 18011.14063, "High": 18038.4707, "Low": 17456.56055, "Close": 17467.15039, "Adj Close": 17467.15039, "Volume": 0.0, "CloseUSD": 2270.7295507}