{"Index": "NYA", "Date": "1974-10-08", "Open": 361.200012, "High": 361.200012, "Low": 361.200012, "Close": 361.200012, "Adj Close": 361.200012, "Volume": 0.0, "CloseUSD": 361.200012}