{"Index": "NSEI", "Date": "2007-09-25", "Open": 4939.100098, "High": 4953.899902, "Low": 4878.149902, "Close": 4938.850098, "Adj Close": 4938.850098, "Volume": 0.0, "CloseUSD": 49.38850098}