{"Index": "HSI", "Date": "1997-02-04", "Open": 13468.90039, "High": 13563.90039, "Low": 13435.5, "Close": 13548.40039, "Adj Close": 13548.40039, "Volume": 0.0, "CloseUSD": 1761.2920507}