{"Index": "GSPTSE", "Date": "2012-03-21", "Open": 12427.2002, "High": 12462.90039, "Low": 12380.90039, "Close": 12436.5, "Adj Close": 12436.5, "Volume": 19458930000.0, "CloseUSD": 10322.295}