{"Index": "NSEI", "Date": "2009-02-26", "Open": 2762.199951, "High": 2797.800049, "Low": 2731.899902, "Close": 2785.649902, "Adj Close": 2785.649902, "Volume": 0.0, "CloseUSD": 27.85649902}