{"Index": "N225", "Date": "2007-07-13", "Open": 18161.01953, "High": 18268.64063, "Low": 18150.99023, "Close": 18238.94922, "Adj Close": 18238.94922, "Volume": 126200000.0, "CloseUSD": 182.3894922}