{"Index": "HSI", "Date": "2010-12-20", "Open": 22708.42969, "High": 22716.7793, "Low": 22392.66992, "Close": 22639.08008, "Adj Close": 22639.08008, "Volume": 1175563700.0, "CloseUSD": 2943.0804104}