{"Index": "NYA", "Date": "1970-04-21", "Open": 498.450012, "High": 498.450012, "Low": 498.450012, "Close": 498.450012, "Adj Close": 498.450012, "Volume": 0.0, "CloseUSD": 498.450012}