{"Index": "NYA", "Date": "2010-04-09", "Open": 7565.419922, "High": 7630.52002, "Low": 7565.419922, "Close": 7629.049805, "Adj Close": 7629.049805, "Volume": 4511570000.0, "CloseUSD": 7629.049805}