{"Index": "TWII", "Date": "2019-06-05", "Open": 10497.5, "High": 10541.29004, "Low": 10446.50977, "Close": 10461.62012, "Adj Close": 10461.62012, "Volume": 1703200.0, "CloseUSD": 418.4648048}