{"Index": "GSPTSE", "Date": "1990-11-20", "Open": 3130.199951, "High": 3133.300049, "Low": 3107.199951, "Close": 3107.199951, "Adj Close": 3099.309082, "Volume": 19860000.0, "CloseUSD": 2578.97595933}