{"Index": "IXIC", "Date": "1973-01-30", "Open": 128.220001, "High": 128.220001, "Low": 128.220001, "Close": 128.220001, "Adj Close": 128.220001, "Volume": 0.0, "CloseUSD": 128.220001}