{"Index": "IXIC", "Date": "1989-12-26", "Open": 444.899994, "High": 445.600006, "Low": 444.399994, "Close": 445.299988, "Adj Close": 445.299988, "Volume": 74490000.0, "CloseUSD": 445.299988}