{"Index": "NYA", "Date": "1998-08-07", "Open": 5810.259766, "High": 5810.259766, "Low": 5810.259766, "Close": 5810.259766, "Adj Close": 5810.259766, "Volume": 0.0, "CloseUSD": 5810.259766}