{"Index": "SSMI", "Date": "2019-03-12", "Open": 9366.19043, "High": 9366.549805, "Low": 9302.889648, "Close": 9331.620117, "Adj Close": 9331.620117, "Volume": 49389600.0, "CloseUSD": 10358.09832987}