{"Index": "NYA", "Date": "1978-04-12", "Open": 533.22998, "High": 533.22998, "Low": 533.22998, "Close": 533.22998, "Adj Close": 533.22998, "Volume": 0.0, "CloseUSD": 533.22998}