{"Index": "000001.SS", "Date": "2012-07-11", "Open": 2160.02002, "High": 2176.490967, "Low": 2156.595947, "Close": 2175.383057, "Adj Close": 2175.383057, "Volume": 58600.0, "CloseUSD": 348.06128912}