{"Index": "NYA", "Date": "1991-08-16", "Open": 2237.610107, "High": 2237.610107, "Low": 2237.610107, "Close": 2237.610107, "Adj Close": 2237.610107, "Volume": 0.0, "CloseUSD": 2237.610107}