{"Index": "GSPTSE", "Date": "2017-01-10", "Open": 15422.7002, "High": 15459.09961, "Low": 15422.7002, "Close": 15426.29981, "Adj Close": 15426.29981, "Volume": 21807150000.0, "CloseUSD": 12803.8288423}