{"Index": "HSI", "Date": "2001-11-07", "Open": 10419.24023, "High": 10454.69043, "Low": 10216.50977, "Close": 10269.79004, "Adj Close": 10269.79004, "Volume": 257144400.0, "CloseUSD": 1335.0727052}