{"Index": "HSI", "Date": "1998-08-12", "Open": 6761.830078, "High": 6891.540039, "Low": 6708.180176, "Close": 6859.47998, "Adj Close": 6859.47998, "Volume": 0.0, "CloseUSD": 891.7323974000001}