{"Index": "GSPTSE", "Date": "2005-11-17", "Open": 10770.29981, "High": 10796.5, "Low": 10727.0, "Close": 10733.09961, "Adj Close": 10733.09961, "Volume": 16567710000.0, "CloseUSD": 8908.4726763}