{"Index": "N225", "Date": "2013-08-01", "Open": 13674.5, "High": 14005.76953, "Low": 13645.61035, "Close": 14005.76953, "Adj Close": 14005.76953, "Volume": 195700000.0, "CloseUSD": 140.0576953}