{"Index": "SSMI", "Date": "2008-02-19", "Open": 7420.299805, "High": 7541.799805, "Low": 7367.0, "Close": 7462.700195, "Adj Close": 7462.700195, "Volume": 118232500.0, "CloseUSD": 8283.597216450002}