{"Index": "N225", "Date": "1971-10-25", "Open": 2253.689941, "High": 2253.689941, "Low": 2253.689941, "Close": 2253.689941, "Adj Close": 2253.689941, "Volume": 0.0, "CloseUSD": 22.53689941}