{"Index": "NSEI", "Date": "2018-01-11", "Open": 10637.04981, "High": 10664.59961, "Low": 10612.34961, "Close": 10651.2002, "Adj Close": 10651.2002, "Volume": 153800.0, "CloseUSD": 106.512002}