{"Index": "399001.SZ", "Date": "2019-07-17", "Open": 9274.69043, "High": 9354.80957, "Low": 9242.25, "Close": 9302.0, "Adj Close": 9302.0, "Volume": 110100.0, "CloseUSD": 1488.32}