{"Index": "NYA", "Date": "2017-01-17", "Open": 11209.71973, "High": 11221.90039, "Low": 11176.5, "Close": 11196.29004, "Adj Close": 11196.29004, "Volume": 3584990000.0, "CloseUSD": 11196.29004}