{"Index": "TWII", "Date": "2013-04-02", "Open": 7897.160156, "High": 7924.459961, "Low": 7879.549805, "Close": 7913.180176, "Adj Close": 7913.149902, "Volume": 1638000.0, "CloseUSD": 316.52720704}