{"Index": "GSPTSE", "Date": "2000-04-24", "Open": 8834.0, "High": 8860.900391, "Low": 8750.400391, "Close": 8822.5, "Adj Close": 8822.5, "Volume": 6288030000.0, "CloseUSD": 7322.674999999999}