{"Index": "J203.JO", "Date": "2021-05-21", "Open": 66124.4375, "High": 66771.34375, "Low": 66124.4375, "Close": 66238.92969, "Adj Close": 66238.92969, "Volume": 0.0, "CloseUSD": 4636.725078300001}