{"Index": "GSPTSE", "Date": "2000-10-04", "Open": 10421.5, "High": 10544.09961, "Low": 10343.29981, "Close": 10524.7002, "Adj Close": 10524.7002, "Volume": 9237730000.0, "CloseUSD": 8735.501165999998}