{"Index": "GDAXI", "Date": "2017-01-09", "Open": 11606.88965, "High": 11606.88965, "Low": 11522.34961, "Close": 11563.99023, "Adj Close": 11563.99023, "Volume": 78728200.0, "CloseUSD": 14108.068080599998}