{"Index": "N225", "Date": "2010-03-31", "Open": 11138.71973, "High": 11147.62012, "Low": 11085.54981, "Close": 11089.94043, "Adj Close": 11089.94043, "Volume": 141700000.0, "CloseUSD": 110.8994043}