{"Index": "N100", "Date": "2006-05-04", "Open": 892.51001, "High": 898.789978, "Low": 891.299988, "Close": 898.119995, "Adj Close": 898.119995, "Volume": 243747800.0, "CloseUSD": 1095.7063939}