{"Index": "399001.SZ", "Date": "2003-04-08", "Open": 3137.300049, "High": 3159.399902, "Low": 3136.889893, "Close": 3146.300049, "Adj Close": 3146.264648, "Volume": 0.0, "CloseUSD": 503.40800784}