{"Index": "HSI", "Date": "1994-06-09", "Open": 9304.099609, "High": 9327.299805, "Low": 9190.599609, "Close": 9190.599609, "Adj Close": 9190.599609, "Volume": 0.0, "CloseUSD": 1194.77794917}