{"Index": "NYA", "Date": "1970-07-17", "Open": 445.679993, "High": 445.679993, "Low": 445.679993, "Close": 445.679993, "Adj Close": 445.679993, "Volume": 0.0, "CloseUSD": 445.679993}