{"Index": "000001.SS", "Date": "1998-11-09", "Open": 1263.963013, "High": 1283.124023, "Low": 1263.958008, "Close": 1283.120972, "Adj Close": 1283.120972, "Volume": 0.0, "CloseUSD": 205.29935552}