{"Index": "IXIC", "Date": "1990-12-28", "Open": 369.600006, "High": 371.299988, "Low": 369.399994, "Close": 371.200012, "Adj Close": 371.200012, "Volume": 132330000.0, "CloseUSD": 371.200012}