{"Index": "GDAXI", "Date": "2016-08-09", "Open": 10438.59961, "High": 10701.33008, "Low": 10433.79004, "Close": 10692.90039, "Adj Close": 10692.90039, "Volume": 81923600.0, "CloseUSD": 13045.3384758}