{"Index": "IXIC", "Date": "1994-11-02", "Open": 772.26001, "High": 776.859985, "Low": 771.190002, "Close": 771.820007, "Adj Close": 771.820007, "Volume": 360020000.0, "CloseUSD": 771.820007}