{"Index": "SSMI", "Date": "1992-04-21", "Open": 1870.400024, "High": 1871.599976, "Low": 1858.599976, "Close": 1860.5, "Adj Close": 1860.5, "Volume": 0.0, "CloseUSD": 2065.155}