{"Index": "SSMI", "Date": "1994-03-21", "Open": 2841.899902, "High": 2841.899902, "Low": 2797.199951, "Close": 2804.300049, "Adj Close": 2804.300049, "Volume": 0.0, "CloseUSD": 3112.77305439}