{"Index": "N225", "Date": "2020-11-13", "Open": 25405.64063, "High": 25456.17969, "Low": 25215.31055, "Close": 25385.86914, "Adj Close": 25385.86914, "Volume": 77600000.0, "CloseUSD": 253.8586914}