{"Index": "NYA", "Date": "1993-06-22", "Open": 2602.090088, "High": 2602.090088, "Low": 2602.090088, "Close": 2602.090088, "Adj Close": 2602.090088, "Volume": 0.0, "CloseUSD": 2602.090088}