{"Index": "J203.JO", "Date": "2018-03-14", "Open": 59084.51172, "High": 59084.51172, "Low": 58338.46875, "Close": 58423.17188, "Adj Close": 58423.17188, "Volume": 0.0, "CloseUSD": 4089.6220316}