{"Index": "HSI", "Date": "2014-10-03", "Open": 22691.58984, "High": 23147.84961, "Low": 22565.59961, "Close": 23064.56055, "Adj Close": 23064.56055, "Volume": 2577564200.0, "CloseUSD": 2998.3928715}