{"Index": "HSI", "Date": "2012-10-17", "Open": 21421.86914, "High": 21442.73047, "Low": 21352.88086, "Close": 21416.64063, "Adj Close": 21416.64063, "Volume": 1714967600.0, "CloseUSD": 2784.1632819}