{"Index": "SSMI", "Date": "2008-11-27", "Open": 5521.0, "High": 5640.799805, "Low": 5513.600098, "Close": 5640.799805, "Adj Close": 5640.799805, "Volume": 58980400.0, "CloseUSD": 6261.28778355}