{"Index": "GSPTSE", "Date": "1985-12-20", "Open": 2871.600098, "High": 2878.399902, "Low": 2870.5, "Close": 2878.399902, "Adj Close": 2871.090332, "Volume": 21500000.0, "CloseUSD": 2389.07191866}