{"Index": "TWII", "Date": "2005-03-11", "Open": 6225.75, "High": 6238.430176, "Low": 6194.140137, "Close": 6204.22998, "Adj Close": 6204.206543, "Volume": 3449800.0, "CloseUSD": 248.1691992}