{"Index": "IXIC", "Date": "1974-08-01", "Open": 69.629997, "High": 69.629997, "Low": 69.629997, "Close": 69.629997, "Adj Close": 69.629997, "Volume": 0.0, "CloseUSD": 69.629997}