{"Index": "GSPTSE", "Date": "2002-07-25", "Open": 6348.299805, "High": 6395.5, "Low": 6206.899902, "Close": 6278.399902, "Adj Close": 6278.399902, "Volume": 16391230000.0, "CloseUSD": 5211.07191866}