{"Index": "GSPTSE", "Date": "1998-03-31", "Open": 7595.700195, "High": 7595.700195, "Low": 7553.200195, "Close": 7558.5, "Adj Close": 7558.5, "Volume": 6363450000.0, "CloseUSD": 6273.554999999999}