{"Index": "N100", "Date": "2007-10-17", "Open": 1032.26001, "High": 1045.089966, "Low": 1031.550049, "Close": 1041.300049, "Adj Close": 1041.300049, "Volume": 347185900.0, "CloseUSD": 1270.38605978}