{"Index": "N225", "Date": "1977-12-21", "Open": 4901.189941, "High": 4901.189941, "Low": 4901.189941, "Close": 4901.189941, "Adj Close": 4901.189941, "Volume": 0.0, "CloseUSD": 49.01189941}