{"Index": "SSMI", "Date": "2004-12-22", "Open": 5662.700195, "High": 5688.200195, "Low": 5648.799805, "Close": 5687.700195, "Adj Close": 5687.700195, "Volume": 34394800.0, "CloseUSD": 6313.347216450001}