{"Index": "N225", "Date": "1994-07-14", "Open": 20565.41016, "High": 20780.25977, "Low": 20565.41016, "Close": 20718.03906, "Adj Close": 20718.03906, "Volume": 0.0, "CloseUSD": 207.1803906}