{"Index": "GSPTSE", "Date": "2004-07-29", "Open": 8379.5, "High": 8453.900391, "Low": 8356.299805, "Close": 8443.200195, "Adj Close": 8443.200195, "Volume": 10489750000.0, "CloseUSD": 7007.856161849999}