{"Index": "J203.JO", "Date": "2017-07-20", "Open": 54091.10938, "High": 54499.19922, "Low": 54087.94922, "Close": 54287.32031, "Adj Close": 54287.32031, "Volume": 0.0, "CloseUSD": 3800.1124217000006}