{"Index": "NYA", "Date": "1968-12-06", "Open": 645.309998, "High": 645.309998, "Low": 645.309998, "Close": 645.309998, "Adj Close": 645.309998, "Volume": 0.0, "CloseUSD": 645.309998}