{"Index": "J203.JO", "Date": "2019-10-09", "Open": 54532.67969, "High": 54535.44922, "Low": 54205.17969, "Close": 54339.46875, "Adj Close": 54339.46875, "Volume": 0.0, "CloseUSD": 3803.762812500001}