{"Index": "NSEI", "Date": "2007-10-05", "Open": 5208.149902, "High": 5248.549805, "Low": 5164.5, "Close": 5185.850098, "Adj Close": 5185.850098, "Volume": 0.0, "CloseUSD": 51.85850098}