{"Index": "N225", "Date": "1972-05-26", "Open": 3535.879883, "High": 3535.879883, "Low": 3535.879883, "Close": 3535.879883, "Adj Close": 3535.879883, "Volume": 0.0, "CloseUSD": 35.358798830000005}