{"Index": "N100", "Date": "2011-10-10", "Open": 577.799988, "High": 586.809998, "Low": 575.469971, "Close": 586.190002, "Adj Close": 586.190002, "Volume": 284818200.0, "CloseUSD": 715.1518024400001}