{"Index": "HSI", "Date": "1996-12-05", "Open": 13427.2002, "High": 13525.40039, "Low": 13416.09961, "Close": 13491.59961, "Adj Close": 13491.59961, "Volume": 0.0, "CloseUSD": 1753.9079493}