{"Index": "TWII", "Date": "2004-10-08", "Open": 6083.009766, "High": 6115.930176, "Low": 6073.410156, "Close": 6102.160156, "Adj Close": 6102.137695, "Volume": 4336600.0, "CloseUSD": 244.08640624}