{"Index": "IXIC", "Date": "1997-05-09", "Open": 1338.800049, "High": 1343.01001, "Low": 1325.609985, "Close": 1335.050049, "Adj Close": 1335.050049, "Volume": 544810000.0, "CloseUSD": 1335.050049}