{"Index": "399001.SZ", "Date": "2016-11-18", "Open": 10946.87988, "High": 10963.66016, "Low": 10876.91016, "Close": 10889.11035, "Adj Close": 10888.98828, "Volume": 789400.0, "CloseUSD": 1742.2576560000002}