{"Index": "NYA", "Date": "2011-05-18", "Open": 8333.070313, "High": 8414.290039, "Low": 8317.379883, "Close": 8407.480469, "Adj Close": 8407.480469, "Volume": 3922030000.0, "CloseUSD": 8407.480469}