{"Index": "TWII", "Date": "2003-05-12", "Open": 4264.740234, "High": 4296.720215, "Low": 4245.209961, "Close": 4261.02002, "Adj Close": 4261.003906, "Volume": 1892600.0, "CloseUSD": 170.4408008}