{"Index": "N225", "Date": "2007-06-18", "Open": 18127.41016, "High": 18194.25977, "Low": 18112.92969, "Close": 18149.51953, "Adj Close": 18149.51953, "Volume": 120500000.0, "CloseUSD": 181.4951953}