{"Index": "N225", "Date": "1967-03-17", "Open": 1467.119995, "High": 1467.119995, "Low": 1467.119995, "Close": 1467.119995, "Adj Close": 1467.119995, "Volume": 0.0, "CloseUSD": 14.67119995}