{"Index": "HSI", "Date": "2011-12-09", "Open": 18721.16016, "High": 18840.92969, "Low": 18511.41992, "Close": 18586.23047, "Adj Close": 18586.23047, "Volume": 1661916300.0, "CloseUSD": 2416.2099611}