{"Index": "NSEI", "Date": "2009-05-29", "Open": 4340.75, "High": 4488.049805, "Low": 4340.75, "Close": 4448.950195, "Adj Close": 4448.950195, "Volume": 0.0, "CloseUSD": 44.489501950000005}