{"Index": "IXIC", "Date": "2008-03-07", "Open": 2204.47998, "High": 2242.5, "Low": 2186.929932, "Close": 2212.48999, "Adj Close": 2212.48999, "Volume": 2386980000.0, "CloseUSD": 2212.48999}