{"Index": "IXIC", "Date": "1996-12-30", "Open": 1295.180054, "High": 1297.01001, "Low": 1287.699951, "Close": 1287.75, "Adj Close": 1287.75, "Volume": 559630000.0, "CloseUSD": 1287.75}