{"Index": "HSI", "Date": "2006-01-26", "Open": 15550.33008, "High": 15563.40039, "Low": 15469.24023, "Close": 15520.07031, "Adj Close": 15520.07031, "Volume": 361639800.0, "CloseUSD": 2017.6091403}