{"Index": "GSPTSE", "Date": "1983-08-12", "Open": 2385.600098, "High": 2395.100098, "Low": 2385.600098, "Close": 2393.300049, "Adj Close": 2387.222412, "Volume": 0.0, "CloseUSD": 1986.43904067}