{"Index": "NSEI", "Date": "2019-10-09", "Open": 11152.9502, "High": 11321.59961, "Low": 11090.15039, "Close": 11313.29981, "Adj Close": 11313.29981, "Volume": 741100.0, "CloseUSD": 113.1329981}