{"Index": "GSPTSE", "Date": "2019-05-13", "Open": 16158.2002, "High": 16199.90039, "Low": 16111.29981, "Close": 16193.40039, "Adj Close": 16193.40039, "Volume": 23264380000.0, "CloseUSD": 13440.5223237}