{"Index": "SSMI", "Date": "1993-01-12", "Open": 2050.0, "High": 2084.100098, "Low": 2033.5, "Close": 2079.199951, "Adj Close": 2079.199951, "Volume": 0.0, "CloseUSD": 2307.91194561}