{"Index": "GDAXI", "Date": "2019-07-22", "Open": 12243.58008, "High": 12346.01953, "Low": 12236.7002, "Close": 12289.40039, "Adj Close": 12289.40039, "Volume": 58508700.0, "CloseUSD": 14993.0684758}