{"Index": "NYA", "Date": "1976-10-12", "Open": 569.609985, "High": 569.609985, "Low": 569.609985, "Close": 569.609985, "Adj Close": 569.609985, "Volume": 0.0, "CloseUSD": 569.609985}