{"Index": "399001.SZ", "Date": "2012-08-17", "Open": 8963.400391, "High": 8983.730469, "Low": 8801.969727, "Close": 8883.610352, "Adj Close": 8883.510742, "Volume": 48000.0, "CloseUSD": 1421.37765632}