{"Index": "IXIC", "Date": "2011-05-26", "Open": 2756.310059, "High": 2787.330078, "Low": 2756.060059, "Close": 2782.919922, "Adj Close": 2782.919922, "Volume": 1904400000.0, "CloseUSD": 2782.919922}