{"Index": "GDAXI", "Date": "2003-09-10", "Open": 3586.800049, "High": 3586.800049, "Low": 3524.169922, "Close": 3536.870117, "Adj Close": 3536.870117, "Volume": 103479500.0, "CloseUSD": 4314.98154274}