{"Index": "SSMI", "Date": "2018-08-14", "Open": 9063.099609, "High": 9070.410156, "Low": 8966.610352, "Close": 9010.19043, "Adj Close": 9010.19043, "Volume": 33615500.0, "CloseUSD": 10001.311377300002}