{"Index": "SSMI", "Date": "2011-09-15", "Open": 5425.910156, "High": 5493.259766, "Low": 5403.830078, "Close": 5433.47998, "Adj Close": 5433.47998, "Volume": 144984000.0, "CloseUSD": 6031.1627778}