{"Index": "IXIC", "Date": "2010-11-12", "Open": 2540.469971, "High": 2552.23999, "Low": 2506.399902, "Close": 2518.209961, "Adj Close": 2518.209961, "Volume": 2191790000.0, "CloseUSD": 2518.209961}