{"Index": "NYA", "Date": "2019-09-18", "Open": 13109.62988, "High": 13125.58008, "Low": 13024.94043, "Close": 13119.30957, "Adj Close": 13119.30957, "Volume": 3435540000.0, "CloseUSD": 13119.30957}