{"Index": "HSI", "Date": "2020-09-08", "Open": 24785.25977, "High": 24785.25977, "Low": 24341.32031, "Close": 24624.33984, "Adj Close": 24624.33984, "Volume": 2074591000.0, "CloseUSD": 3201.1641792}