{"Index": "SSMI", "Date": "2002-03-05", "Open": 6463.0, "High": 6484.299805, "Low": 6386.899902, "Close": 6412.5, "Adj Close": 6412.5, "Volume": 0.0, "CloseUSD": 7117.875000000001}