{"Index": "IXIC", "Date": "1985-01-24", "Open": 272.0, "High": 272.899994, "Low": 272.0, "Close": 272.299988, "Adj Close": 272.299988, "Volume": 108600000.0, "CloseUSD": 272.299988}