{"Index": "N100", "Date": "2017-05-23", "Open": 1022.429993, "High": 1030.430054, "Low": 1021.780029, "Close": 1028.02002, "Adj Close": 1028.02002, "Volume": 0.0, "CloseUSD": 1254.1844244}