{"Index": "TWII", "Date": "2017-11-17", "Open": 10673.42969, "High": 10729.4502, "Low": 10673.42969, "Close": 10701.63965, "Adj Close": 10701.63965, "Volume": 2471200.0, "CloseUSD": 428.065586}