{"Index": "IXIC", "Date": "2014-06-03", "Open": 4222.040039, "High": 4240.350098, "Low": 4215.799805, "Close": 4234.080078, "Adj Close": 4234.080078, "Volume": 1718640000.0, "CloseUSD": 4234.080078}