{"Index": "IXIC", "Date": "2009-06-02", "Open": 1821.219971, "High": 1846.650024, "Low": 1815.829956, "Close": 1836.800049, "Adj Close": 1836.800049, "Volume": 2611690000.0, "CloseUSD": 1836.800049}