{"Index": "NYA", "Date": "1988-10-10", "Open": 1659.650024, "High": 1659.650024, "Low": 1659.650024, "Close": 1659.650024, "Adj Close": 1659.650024, "Volume": 0.0, "CloseUSD": 1659.650024}