{"Index": "GSPTSE", "Date": "2008-12-08", "Open": 8426.0, "High": 8625.0, "Low": 8117.0, "Close": 8567.099609, "Adj Close": 8567.099609, "Volume": 29266990000.0, "CloseUSD": 7110.692675470001}