{"Index": "000001.SS", "Date": "2016-01-12", "Open": 3026.158936, "High": 3047.664063, "Low": 2978.462891, "Close": 3022.861084, "Adj Close": 3022.861084, "Volume": 207700.0, "CloseUSD": 483.65777344}