{"Index": "000001.SS", "Date": "2013-10-08", "Open": 2171.904053, "High": 2200.018066, "Low": 2161.489014, "Close": 2198.198975, "Adj Close": 2198.198975, "Volume": 126700.0, "CloseUSD": 351.71183599999995}