{"Index": "GSPTSE", "Date": "1983-08-18", "Open": 2442.100098, "High": 2456.0, "Low": 2442.100098, "Close": 2445.0, "Adj Close": 2438.790771, "Volume": 0.0, "CloseUSD": 2029.35}