{"Index": "N225", "Date": "2003-01-30", "Open": 8364.900391, "High": 8407.150391, "Low": 8312.410156, "Close": 8316.80957, "Adj Close": 8316.80957, "Volume": 53600000.0, "CloseUSD": 83.1680957}