{"Index": "NYA", "Date": "1985-12-12", "Open": 1259.650024, "High": 1259.650024, "Low": 1259.650024, "Close": 1259.650024, "Adj Close": 1259.650024, "Volume": 0.0, "CloseUSD": 1259.650024}