{"Index": "GDAXI", "Date": "2006-06-20", "Open": 5408.25, "High": 5493.609863, "Low": 5382.580078, "Close": 5493.609863, "Adj Close": 5493.609863, "Volume": 94703600.0, "CloseUSD": 6702.20403286}