{"Index": "IXIC", "Date": "2002-04-02", "Open": 1836.030029, "High": 1839.369995, "Low": 1804.400024, "Close": 1804.400024, "Adj Close": 1804.400024, "Volume": 1701240000.0, "CloseUSD": 1804.400024}