{"Index": "J203.JO", "Date": "2012-05-18", "Open": 33538.92188, "High": 33538.92188, "Low": 33063.07813, "Close": 33148.39063, "Adj Close": 33148.39063, "Volume": 0.0, "CloseUSD": 2320.3873441000005}