{"Index": "N225", "Date": "1995-06-29", "Open": 14677.53027, "High": 14904.74023, "Low": 14445.40039, "Close": 14507.16992, "Adj Close": 14507.16992, "Volume": 0.0, "CloseUSD": 145.0716992}