{"Index": "399001.SZ", "Date": "2005-03-30", "Open": 3202.570068, "High": 3202.570068, "Low": 3134.530029, "Close": 3137.459961, "Adj Close": 3137.424805, "Volume": 14600.0, "CloseUSD": 501.99359376}