{"Index": "TWII", "Date": "1999-02-02", "Open": 5892.930176, "High": 5892.930176, "Low": 5726.25, "Close": 5749.640137, "Adj Close": 5749.619141, "Volume": 0.0, "CloseUSD": 229.98560548}