{"Index": "IXIC", "Date": "2020-05-28", "Open": 9392.990234, "High": 9523.639648, "Low": 9345.280273, "Close": 9368.990234, "Adj Close": 9368.990234, "Volume": 4064220000.0, "CloseUSD": 9368.990234}