{"Index": "N225", "Date": "1984-05-23", "Open": 10023.45996, "High": 10023.45996, "Low": 10023.45996, "Close": 10023.45996, "Adj Close": 10023.45996, "Volume": 0.0, "CloseUSD": 100.2345996}