{"Index": "SSMI", "Date": "2002-12-03", "Open": 5134.100098, "High": 5144.200195, "Low": 5000.700195, "Close": 5004.0, "Adj Close": 5004.0, "Volume": 49628800.0, "CloseUSD": 5554.4400000000005}