{"Index": "TWII", "Date": "2004-01-28", "Open": 6360.709961, "High": 6421.450195, "Low": 6335.540039, "Close": 6386.25, "Adj Close": 6386.225586, "Volume": 7029800.0, "CloseUSD": 255.45}