{"Index": "NYA", "Date": "2007-10-10", "Open": 10279.94043, "High": 10283.61035, "Low": 10216.87988, "Close": 10264.5, "Adj Close": 10264.5, "Volume": 3044760000.0, "CloseUSD": 10264.5}