{"Index": "GSPTSE", "Date": "1982-06-25", "Open": 1401.0, "High": 1401.800049, "Low": 1396.599976, "Close": 1398.0, "Adj Close": 1394.449829, "Volume": 0.0, "CloseUSD": 1160.34}