{"Index": "TWII", "Date": "2006-08-08", "Open": 6442.680176, "High": 6502.140137, "Low": 6441.160156, "Close": 6502.140137, "Adj Close": 6502.115234, "Volume": 2314800.0, "CloseUSD": 260.08560548}