{"Index": "HSI", "Date": "1999-04-26", "Open": 12854.44043, "High": 13173.37012, "Low": 12853.86035, "Close": 13127.01953, "Adj Close": 13127.01953, "Volume": 0.0, "CloseUSD": 1706.5125389}