{"Index": "IXIC", "Date": "1972-05-11", "Open": 127.949997, "High": 127.949997, "Low": 127.949997, "Close": 127.949997, "Adj Close": 127.949997, "Volume": 0.0, "CloseUSD": 127.949997}