{"Index": "HSI", "Date": "2008-02-06", "Open": 23458.15039, "High": 23592.31055, "Low": 23283.9707, "Close": 23469.46094, "Adj Close": 23469.46094, "Volume": 2714642800.0, "CloseUSD": 3051.0299222000003}