{"Index": "HSI", "Date": "2012-06-01", "Open": 18498.91016, "High": 18726.43945, "Low": 18487.66016, "Close": 18558.33984, "Adj Close": 18558.33984, "Volume": 1859948800.0, "CloseUSD": 2412.5841792}