{"Index": "TWII", "Date": "2006-01-12", "Open": 6782.149902, "High": 6797.200195, "Low": 6725.569824, "Close": 6725.609863, "Adj Close": 6725.583984, "Volume": 5927800.0, "CloseUSD": 269.02439452}