{"Index": "N100", "Date": "2002-09-24", "Open": 497.98999, "High": 499.529999, "Low": 475.040009, "Close": 488.130005, "Adj Close": 488.130005, "Volume": 0.0, "CloseUSD": 595.5186060999999}