{"Index": "GDAXI", "Date": "1993-10-27", "Open": 2040.969971, "High": 2040.969971, "Low": 2040.969971, "Close": 2040.969971, "Adj Close": 2040.969971, "Volume": 0.0, "CloseUSD": 2489.98336462}