{"Index": "NYA", "Date": "1984-08-13", "Open": 1004.719971, "High": 1004.719971, "Low": 1004.719971, "Close": 1004.719971, "Adj Close": 1004.719971, "Volume": 0.0, "CloseUSD": 1004.719971}