{"Index": "HSI", "Date": "2010-06-15", "Open": 19998.5293, "High": 20142.09961, "Low": 19970.91016, "Close": 20062.15039, "Adj Close": 20062.15039, "Volume": 996054700.0, "CloseUSD": 2608.0795507}