{"Index": "N225", "Date": "1993-12-14", "Open": 17346.63086, "High": 17415.74023, "Low": 17263.42969, "Close": 17308.73047, "Adj Close": 17308.73047, "Volume": 0.0, "CloseUSD": 173.08730469999998}