{"Index": "000001.SS", "Date": "2001-06-04", "Open": 2223.910889, "High": 2229.054932, "Low": 2222.228027, "Close": 2226.779053, "Adj Close": 2226.779053, "Volume": 0.0, "CloseUSD": 356.28464848000004}