{"Index": "TWII", "Date": "2016-05-30", "Open": 8476.620117, "High": 8563.400391, "Low": 8462.150391, "Close": 8535.870117, "Adj Close": 8535.850586, "Volume": 1612400.0, "CloseUSD": 341.43480468}