{"Index": "J203.JO", "Date": "2014-10-28", "Open": 48051.05078, "High": 48661.12109, "Low": 48051.05078, "Close": 48460.92969, "Adj Close": 48460.92969, "Volume": 0.0, "CloseUSD": 3392.2650783}