{"Index": "IXIC", "Date": "1980-07-02", "Open": 159.179993, "High": 159.179993, "Low": 159.179993, "Close": 159.179993, "Adj Close": 159.179993, "Volume": 0.0, "CloseUSD": 159.179993}