{"Index": "GDAXI", "Date": "2004-11-08", "Open": 4063.830078, "High": 4081.01001, "Low": 4051.610107, "Close": 4068.969971, "Adj Close": 4068.969971, "Volume": 95723500.0, "CloseUSD": 4964.14336462}