{"Index": "NYA", "Date": "2015-09-24", "Open": 9813.160156, "High": 9859.879883, "Low": 9727.0, "Close": 9837.80957, "Adj Close": 9837.80957, "Volume": 4091530000.0, "CloseUSD": 9837.80957}