{"Index": "NYA", "Date": "2019-12-18", "Open": 13805.2002, "High": 13819.7002, "Low": 13790.24023, "Close": 13799.20996, "Adj Close": 13799.20996, "Volume": 4014080000.0, "CloseUSD": 13799.20996}