{"Index": "NYA", "Date": "1966-06-27", "Open": 493.369995, "High": 493.369995, "Low": 493.369995, "Close": 493.369995, "Adj Close": 493.369995, "Volume": 0.0, "CloseUSD": 493.369995}