{"Index": "J203.JO", "Date": "2019-01-22", "Open": 54139.05078, "High": 54139.05078, "Low": 53662.67188, "Close": 54078.37109, "Adj Close": 54078.37109, "Volume": 0.0, "CloseUSD": 3785.4859763}