{"Index": "IXIC", "Date": "2010-04-06", "Open": 2420.330078, "High": 2443.5, "Low": 2417.77002, "Close": 2436.810059, "Adj Close": 2436.810059, "Volume": 2220390000.0, "CloseUSD": 2436.810059}