{"Index": "N225", "Date": "1971-08-25", "Open": 2233.899902, "High": 2233.899902, "Low": 2233.899902, "Close": 2233.899902, "Adj Close": 2233.899902, "Volume": 0.0, "CloseUSD": 22.338999020000003}