{"Index": "NYA", "Date": "1984-01-20", "Open": 1016.450012, "High": 1016.450012, "Low": 1016.450012, "Close": 1016.450012, "Adj Close": 1016.450012, "Volume": 0.0, "CloseUSD": 1016.450012}