{"Index": "000001.SS", "Date": "2008-12-24", "Open": 1873.577026, "High": 1887.313965, "Low": 1850.85498, "Close": 1863.800049, "Adj Close": 1863.800049, "Volume": 74400.0, "CloseUSD": 298.20800784}