{"Index": "IXIC", "Date": "1992-08-14", "Open": 571.0, "High": 573.179993, "Low": 571.0, "Close": 573.179993, "Adj Close": 573.179993, "Volume": 145650000.0, "CloseUSD": 573.179993}