{"Index": "SSMI", "Date": "2011-08-31", "Open": 5479.0, "High": 5541.180176, "Low": 5449.22998, "Close": 5528.52002, "Adj Close": 5528.52002, "Volume": 66708300.0, "CloseUSD": 6136.6572222}