{"Index": "TWII", "Date": "2014-07-29", "Open": 9457.799805, "High": 9483.75, "Low": 9357.320313, "Close": 9391.879883, "Adj Close": 9391.845703, "Volume": 3528000.0, "CloseUSD": 375.67519532}