{"Index": "N225", "Date": "1990-02-19", "Open": 37496.03125, "High": 37610.51953, "Low": 37097.42188, "Close": 37222.60156, "Adj Close": 37222.60156, "Volume": 0.0, "CloseUSD": 372.2260156}