{"Index": "N225", "Date": "1981-10-13", "Open": 7583.169922, "High": 7583.169922, "Low": 7583.169922, "Close": 7583.169922, "Adj Close": 7583.169922, "Volume": 0.0, "CloseUSD": 75.83169922}