{"Index": "000001.SS", "Date": "2017-06-13", "Open": 3134.009033, "High": 3155.98999, "Low": 3131.042969, "Close": 3153.74292, "Adj Close": 3153.74292, "Volume": 128300.0, "CloseUSD": 504.5988672}