{"Index": "N100", "Date": "2018-05-17", "Open": 1074.23999, "High": 1083.430054, "Low": 1073.949951, "Close": 1083.430054, "Adj Close": 1083.430054, "Volume": 204416300.0, "CloseUSD": 1321.78466588}