{"Index": "NYA", "Date": "2018-04-04", "Open": 12218.91016, "High": 12482.70996, "Low": 12193.84961, "Close": 12466.4502, "Adj Close": 12466.4502, "Volume": 3350340000.0, "CloseUSD": 12466.4502}