{"Index": "SSMI", "Date": "2016-05-27", "Open": 8278.450195, "High": 8307.570313, "Low": 8257.969727, "Close": 8292.450195, "Adj Close": 8292.450195, "Volume": 48752400.0, "CloseUSD": 9204.61971645}