{"Index": "GSPTSE", "Date": "2003-05-15", "Open": 6754.700195, "High": 6768.200195, "Low": 6740.899902, "Close": 6758.399902, "Adj Close": 6758.399902, "Volume": 9209730000.0, "CloseUSD": 5609.47191866}