{"Index": "NYA", "Date": "1994-03-23", "Open": 2752.129883, "High": 2752.129883, "Low": 2752.129883, "Close": 2752.129883, "Adj Close": 2752.129883, "Volume": 0.0, "CloseUSD": 2752.129883}