{"Index": "N225", "Date": "1978-05-24", "Open": 5455.310059, "High": 5455.310059, "Low": 5455.310059, "Close": 5455.310059, "Adj Close": 5455.310059, "Volume": 0.0, "CloseUSD": 54.55310059000001}