{"Index": "399001.SZ", "Date": "2000-03-07", "Open": 4278.049805, "High": 4401.649902, "Low": 4261.970215, "Close": 4399.950195, "Adj Close": 4399.900879, "Volume": 0.0, "CloseUSD": 703.9920312}