{"Index": "TWII", "Date": "2010-02-02", "Open": 7633.740234, "High": 7635.72998, "Low": 7398.799805, "Close": 7429.609863, "Adj Close": 7429.582031, "Volume": 3759800.0, "CloseUSD": 297.18439452}