{"Index": "N225", "Date": "1970-11-18", "Open": 2087.879883, "High": 2087.879883, "Low": 2087.879883, "Close": 2087.879883, "Adj Close": 2087.879883, "Volume": 0.0, "CloseUSD": 20.87879883}