{"Index": "000001.SS", "Date": "2007-04-02", "Open": 3196.586914, "High": 3253.435059, "Low": 3196.586914, "Close": 3252.594971, "Adj Close": 3252.594971, "Volume": 97400.0, "CloseUSD": 520.41519536}