{"Index": "N225", "Date": "2015-08-17", "Open": 20600.16016, "High": 20668.86914, "Low": 20541.0, "Close": 20620.25977, "Adj Close": 20620.25977, "Volume": 106600000.0, "CloseUSD": 206.2025977}