{"Index": "000001.SS", "Date": "2003-11-18", "Open": 1334.654053, "High": 1336.098999, "Low": 1314.987061, "Close": 1316.562012, "Adj Close": 1316.562012, "Volume": 14800.0, "CloseUSD": 210.64992192000005}