{"Index": "HSI", "Date": "1987-09-16", "Open": 3646.899902, "High": 3646.899902, "Low": 3646.899902, "Close": 3646.899902, "Adj Close": 3646.899902, "Volume": 0.0, "CloseUSD": 474.0969872600001}