{"Index": "GSPTSE", "Date": "2000-10-25", "Open": 9470.299805, "High": 9522.900391, "Low": 9412.200195, "Close": 9511.799805, "Adj Close": 9511.799805, "Volume": 10954460000.0, "CloseUSD": 7894.79383815}