{"Index": "N225", "Date": "1996-06-26", "Open": 22589.63086, "High": 22750.69922, "Low": 22572.84961, "Close": 22666.80078, "Adj Close": 22666.80078, "Volume": 0.0, "CloseUSD": 226.66800780000003}