{"Index": "NYA", "Date": "1969-06-27", "Open": 569.710022, "High": 569.710022, "Low": 569.710022, "Close": 569.710022, "Adj Close": 569.710022, "Volume": 0.0, "CloseUSD": 569.710022}