{"Index": "GDAXI", "Date": "1989-08-17", "Open": 1574.469971, "High": 1574.469971, "Low": 1574.469971, "Close": 1574.469971, "Adj Close": 1574.469971, "Volume": 0.0, "CloseUSD": 1920.85336462}