{"Index": "HSI", "Date": "1996-07-19", "Open": 10792.7002, "High": 10868.0, "Low": 10785.2002, "Close": 10845.29981, "Adj Close": 10845.29981, "Volume": 0.0, "CloseUSD": 1409.8889753}