{"Index": "SSMI", "Date": "2016-11-25", "Open": 7834.620117, "High": 7897.450195, "Low": 7824.689941, "Close": 7881.529785, "Adj Close": 7881.529785, "Volume": 48836600.0, "CloseUSD": 8748.498061350001}