{"Index": "SSMI", "Date": "2012-03-01", "Open": 6101.200195, "High": 6138.589844, "Low": 6098.129883, "Close": 6128.279785, "Adj Close": 6128.279785, "Volume": 51866000.0, "CloseUSD": 6802.39056135}