{"Index": "HSI", "Date": "1998-04-16", "Open": 11315.40039, "High": 11315.40039, "Low": 11110.59961, "Close": 11187.79981, "Adj Close": 11187.79981, "Volume": 0.0, "CloseUSD": 1454.4139753000002}