{"Index": "GSPTSE", "Date": "1999-05-27", "Open": 6782.5, "High": 6793.799805, "Low": 6727.600098, "Close": 6727.799805, "Adj Close": 6727.799805, "Volume": 7117770000.0, "CloseUSD": 5584.07383815}