{"Index": "HSI", "Date": "2004-11-09", "Open": 13542.04981, "High": 13579.40039, "Low": 13486.29004, "Close": 13516.66992, "Adj Close": 13516.66992, "Volume": 256349200.0, "CloseUSD": 1757.1670896}