{"Index": "IXIC", "Date": "2020-04-28", "Open": 8825.69043, "High": 8830.570313, "Low": 8600.700195, "Close": 8607.730469, "Adj Close": 8607.730469, "Volume": 3707540000.0, "CloseUSD": 8607.730469}