{"Index": "000001.SS", "Date": "2017-03-16", "Open": 3247.163086, "High": 3269.77002, "Low": 3247.163086, "Close": 3268.935059, "Adj Close": 3268.935059, "Volume": 189400.0, "CloseUSD": 523.02960944}