{"Index": "IXIC", "Date": "2015-05-29", "Open": 5093.100098, "High": 5099.399902, "Low": 5057.589844, "Close": 5070.029785, "Adj Close": 5070.029785, "Volume": 2024170000.0, "CloseUSD": 5070.029785}