{"Index": "GSPTSE", "Date": "1994-05-13", "Open": 4175.600098, "High": 4176.799805, "Low": 4159.799805, "Close": 4175.399902, "Adj Close": 4175.399902, "Volume": 57040000.0, "CloseUSD": 3465.58191866}