{"Index": "GSPTSE", "Date": "2011-08-16", "Open": 12623.7002, "High": 12668.79981, "Low": 12487.29981, "Close": 12530.7002, "Adj Close": 12530.7002, "Volume": 22034630000.0, "CloseUSD": 10400.481166}