{"Index": "IXIC", "Date": "1971-05-21", "Open": 108.849998, "High": 108.849998, "Low": 108.849998, "Close": 108.849998, "Adj Close": 108.849998, "Volume": 0.0, "CloseUSD": 108.849998}