{"Index": "NYA", "Date": "2007-05-14", "Open": 9787.040039, "High": 9808.230469, "Low": 9738.629883, "Close": 9765.379883, "Adj Close": 9765.379883, "Volume": 2776130000.0, "CloseUSD": 9765.379883}