{"Index": "GDAXI", "Date": "2010-04-16", "Open": 6264.649902, "High": 6305.399902, "Low": 6162.839844, "Close": 6180.899902, "Adj Close": 6180.899902, "Volume": 195883500.0, "CloseUSD": 7540.69788044}