{"Index": "000001.SS", "Date": "2004-10-15", "Open": 1328.472046, "High": 1340.115967, "Low": 1312.550049, "Close": 1330.517944, "Adj Close": 1330.517944, "Volume": 13600.0, "CloseUSD": 212.88287104}