{"Index": "N225", "Date": "2000-11-20", "Open": 14510.38965, "High": 14577.73047, "Low": 14450.62988, "Close": 14531.65039, "Adj Close": 14531.65039, "Volume": 0.0, "CloseUSD": 145.3165039}