{"Index": "GSPTSE", "Date": "2021-05-07", "Open": 19330.80078, "High": 19491.5, "Low": 19317.30078, "Close": 19472.69922, "Adj Close": 19472.69922, "Volume": 24944460000.0, "CloseUSD": 16162.340352599998}