{"Index": "SSMI", "Date": "2011-02-07", "Open": 6608.709961, "High": 6653.459961, "Low": 6598.339844, "Close": 6611.140137, "Adj Close": 6611.140137, "Volume": 48317900.0, "CloseUSD": 7338.365552070001}