{"Index": "N225", "Date": "1991-09-11", "Open": 22354.84961, "High": 22573.89063, "Low": 22270.14063, "Close": 22504.78906, "Adj Close": 22504.78906, "Volume": 0.0, "CloseUSD": 225.0478906}