{"Index": "IXIC", "Date": "1992-01-29", "Open": 621.900024, "High": 626.320007, "Low": 616.280029, "Close": 616.309998, "Adj Close": 616.309998, "Volume": 248240000.0, "CloseUSD": 616.309998}