{"Index": "HSI", "Date": "1993-11-11", "Open": 9346.0, "High": 9714.200195, "Low": 9346.0, "Close": 9674.799805, "Adj Close": 9674.799805, "Volume": 0.0, "CloseUSD": 1257.7239746500002}