{"Index": "N100", "Date": "2015-01-12", "Open": 827.469971, "High": 836.950012, "Low": 822.090027, "Close": 832.76001, "Adj Close": 832.76001, "Volume": 424327700.0, "CloseUSD": 1015.9672122}