{"Index": "N225", "Date": "2011-05-24", "Open": 9406.040039, "High": 9490.349609, "Low": 9406.040039, "Close": 9477.169922, "Adj Close": 9477.169922, "Volume": 115900000.0, "CloseUSD": 94.77169922}