{"Index": "IXIC", "Date": "1987-03-31", "Open": 427.799988, "High": 430.100006, "Low": 427.100006, "Close": 430.100006, "Adj Close": 430.100006, "Volume": 140500000.0, "CloseUSD": 430.100006}