{"Index": "NYA", "Date": "1982-03-22", "Open": 685.809998, "High": 685.809998, "Low": 685.809998, "Close": 685.809998, "Adj Close": 685.809998, "Volume": 0.0, "CloseUSD": 685.809998}