{"Index": "000001.SS", "Date": "2006-09-26", "Open": 1720.781006, "High": 1721.583984, "Low": 1704.774048, "Close": 1712.636963, "Adj Close": 1712.636963, "Volume": 33200.0, "CloseUSD": 274.02191408}