{"Index": "TWII", "Date": "2008-01-07", "Open": 7959.919922, "High": 8015.930176, "Low": 7883.370117, "Close": 7883.370117, "Adj Close": 7883.339844, "Volume": 4539800.0, "CloseUSD": 315.33480468000005}