{"Index": "N225", "Date": "1998-08-07", "Open": 15924.53027, "High": 16037.25977, "Low": 15797.29981, "Close": 15829.16992, "Adj Close": 15829.16992, "Volume": 0.0, "CloseUSD": 158.2916992}