{"Index": "N225", "Date": "2011-08-30", "Open": 8958.5, "High": 8992.860352, "Low": 8935.849609, "Close": 8953.900391, "Adj Close": 8953.900391, "Volume": 135600000.0, "CloseUSD": 89.53900390999999}